İsim,Soyisim,E-Mail,Tarih
Ahmet,Yılmaz,ahmet.yilmaz@example.com,2023-08-01
Ayşe,Kaya,ayse.kaya@example.com,2023-07-15
Mehmet,Demir,mehmet.demir@example.com,2023-09-03
Fatma,Çelik,fatma.celik@example.com,2023-06-25
Ali,Şahin,ali.sahin@example.com,2023-05-10
Elif,Koç,elif.koc@example.com,2023-03-30
Hasan,Öztürk,hasan.ozturk@example.com,2023-04-18
Zeynep,Acar,zeynep.acar@example.com,2023-02-07
Kemal,Polat,kemal.polat@example.com,2023-01-12
Merve,Bulut,merve.bulut@example.com,2023-03-01
